{
  "properties": {
    "connectionReferences": {
      "shared_onedriveforbusiness": {
        "runtimeSource": "embedded",
        "connection": {
          "connectionReferenceLogicalName": "new_sharedonedriveforbusiness_1007b"
        },
        "api": {
          "name": "shared_onedriveforbusiness"
        }
      },
      "shared_wordonlinebusiness": {
        "runtimeSource": "embedded",
        "connection": {
          "connectionReferenceLogicalName": "new_sharedwordonlinebusiness_367a5"
        },
        "api": {
          "name": "shared_wordonlinebusiness"
        }
      }
    },
    "definition": {
      "$schema": "https://schema.management.azure.com/providers/Microsoft.Logic/schemas/2016-06-01/workflowdefinition.json#",
      "contentVersion": "1.0.0.0",
      "parameters": {
        "$connections": {
          "defaultValue": {},
          "type": "Object"
        },
        "$authentication": {
          "defaultValue": {},
          "type": "SecureObject"
        }
      },
      "triggers": {
        "manual": {
          "metadata": {
            "operationMetadataId": "83a5dfd1-cc47-467d-8b5e-873f3df55c24"
          },
          "type": "Request",
          "kind": "PowerAppV2",
          "inputs": {
            "schema": {
              "type": "object",
              "properties": {
                "text": {
                  "title": "Department",
                  "type": "string",
                  "x-ms-dynamically-added": true,
                  "description": "data engineering",
                  "x-ms-content-hint": "TEXT"
                },
                "number": {
                  "title": "Threshold",
                  "type": "number",
                  "x-ms-dynamically-added": true,
                  "description": "75",
                  "x-ms-content-hint": "NUMBER"
                },
                "number_1": {
                  "title": "Year",
                  "type": "number",
                  "x-ms-dynamically-added": true,
                  "description": "2024",
                  "x-ms-content-hint": "NUMBER"
                },
                "text_1": {
                  "title": "Program",
                  "type": "string",
                  "x-ms-dynamically-added": true,
                  "description": "masters",
                  "x-ms-content-hint": "TEXT"
                }
              },
              "required": [
                "text",
                "text_1"
              ]
            }
          }
        }
      },
      "actions": {
        "Compose_–_varSlug": {
          "runAfter": {
            "Compose-varYear": [
              "Succeeded"
            ]
          },
          "metadata": {
            "operationMetadataId": "a8286e25-8646-4542-a7f6-0723bdde48d2"
          },
          "type": "Compose",
          "inputs": "@concat(triggerBody()?['text_1'], '_', triggerBody()?['text'], '_', string(triggerBody()?['number_1']))"
        },
        "Get_Template_File": {
          "runAfter": {
            "Compose_–_varSlug": [
              "Succeeded"
            ]
          },
          "metadata": {
            "operationMetadataId": "e9f29d37-d4fd-4e83-b2d9-99da3d02b8a3"
          },
          "type": "OpenApiConnection",
          "inputs": {
            "host": {
              "connectionName": "shared_onedriveforbusiness",
              "operationId": "GetFileContentByPath",
              "apiId": "/providers/Microsoft.PowerApps/apis/shared_onedriveforbusiness"
            },
            "parameters": {
              "path": "/AEDIS/templates/de_report_template.docx",
              "inferContentType": true
            },
            "authentication": "@parameters('$authentication')"
          }
        },
        "Create_Final_DOCX": {
          "runAfter": {
            "Populate_a_Microsoft_Word_template": [
              "Succeeded"
            ]
          },
          "metadata": {
            "operationMetadataId": "03c1694d-d22a-40aa-8b13-66813a13d432"
          },
          "type": "OpenApiConnection",
          "inputs": {
            "host": {
              "connectionName": "shared_onedriveforbusiness",
              "operationId": "CreateFile",
              "apiId": "/providers/Microsoft.PowerApps/apis/shared_onedriveforbusiness"
            },
            "parameters": {
              "folderPath": "@concat('/AEDIS/REPORTS/', string(outputs('Compose-varYear')))\n",
              "name": "@concat(outputs('Compose_–_varSlug'), '.docx')\n",
              "body": "@body('Populate_a_Microsoft_Word_template')"
            },
            "authentication": "@parameters('$authentication')"
          },
          "runtimeConfiguration": {
            "contentTransfer": {
              "transferMode": "Chunked"
            }
          }
        },
        "Respond_to_a_Power_App_or_flow": {
          "runAfter": {
            "ShareLink_DOCX": [
              "Succeeded"
            ]
          },
          "metadata": {
            "operationMetadataId": "2bcb88fb-0892-44a9-b652-92d517658b33"
          },
          "type": "Response",
          "kind": "PowerApp",
          "inputs": {
            "statusCode": 200,
            "body": {
              "docxurl": "@outputs('ShareLink_DOCX')?['body/WebUrl']",
              "status": "Ok",
              "message": "\"Report generated successfully\""
            },
            "schema": {
              "type": "object",
              "properties": {
                "docxurl": {
                  "title": "docxUrl",
                  "x-ms-dynamically-added": true,
                  "type": "string"
                },
                "status": {
                  "title": "Status",
                  "x-ms-dynamically-added": true,
                  "type": "string"
                },
                "message": {
                  "title": "message",
                  "x-ms-dynamically-added": true,
                  "type": "string"
                }
              }
            }
          }
        },
        "ShareLink_DOCX": {
          "runAfter": {
            "Create_Final_DOCX": [
              "Succeeded"
            ]
          },
          "metadata": {
            "operationMetadataId": "a94a59ec-29ea-44b1-acce-327b084bfb35"
          },
          "type": "OpenApiConnection",
          "inputs": {
            "host": {
              "connectionName": "shared_onedriveforbusiness",
              "operationId": "CreateShareLinkV2",
              "apiId": "/providers/Microsoft.PowerApps/apis/shared_onedriveforbusiness"
            },
            "parameters": {
              "id": "@outputs('Create_Final_DOCX')?['body/Id']",
              "type": "View",
              "scope": "Organization"
            },
            "authentication": "@parameters('$authentication')"
          }
        },
        "Compose-varYear": {
          "runAfter": {},
          "metadata": {
            "operationMetadataId": "42bb2fd4-5213-427f-b707-54741825685b"
          },
          "type": "Compose",
          "inputs": "@triggerBody()?['number_1']"
        },
        "PB": {
          "runAfter": {
            "Get_Template_File": [
              "Succeeded"
            ]
          },
          "metadata": {
            "operationMetadataId": "26abdb8b-f3c4-41ea-8a72-6965f116028e"
          },
          "type": "Workflow",
          "inputs": {
            "host": {
              "workflowReferenceName": "7c971d33-48b0-f011-bbd3-7ced8d17755e"
            },
            "body": {
              "text": "@triggerBody()?['text']",
              "number": "@triggerBody()['number_1']"
            }
          }
        },
        "PNG": {
          "runAfter": {
            "PB": [
              "Succeeded"
            ]
          },
          "metadata": {
            "operationMetadataId": "916e723d-d534-4e7b-a396-14adb3221e7f"
          },
          "type": "OpenApiConnection",
          "inputs": {
            "host": {
              "connectionName": "shared_onedriveforbusiness",
              "operationId": "GetFileContentByPath",
              "apiId": "/providers/Microsoft.PowerApps/apis/shared_onedriveforbusiness"
            },
            "parameters": {
              "path": "@body('PB')?['filepath']",
              "inferContentType": true
            },
            "authentication": "@parameters('$authentication')"
          }
        },
        "AI": {
          "runAfter": {
            "PNG": [
              "Succeeded"
            ]
          },
          "metadata": {
            "operationMetadataId": "4ab1592e-fb85-4ebb-8e30-73da6e67ef29"
          },
          "type": "Workflow",
          "inputs": {
            "host": {
              "workflowReferenceName": "aa12f533-b3bd-f011-bbd3-7ced8d17755e"
            },
            "body": {
              "text": "@triggerBody()['text']",
              "number": "@outputs('Compose-varYear')"
            }
          }
        },
        "Populate_a_Microsoft_Word_template": {
          "runAfter": {
            "AP2": [
              "Succeeded"
            ]
          },
          "metadata": {
            "016IICN2UXPQ45G5S2EZCZ4WAQXDNQ6DBQ": "/AEDIS/templates/de_report_Template.docx",
            "operationMetadataId": "2aa6d683-9e53-41f1-8d4d-8fdf179bd9d9",
            "016IICN2XTYTMR5FJNTVHLJFRSGJHTLTYW": "/AEDIS/templates/de_report_Template.docx",
            "016IICN2RJY25TX5PDJRALIGXSKFLCTZ23": "/AEDIS/templates/de_report_Template.docx",
            "016IICN2XXI5FALNIDJFD3TESGEKTUD522": "/AEDIS/templates/de_report_Template.docx"
          },
          "type": "OpenApiConnection",
          "inputs": {
            "host": {
              "connectionName": "shared_wordonlinebusiness",
              "operationId": "CreateFileItem",
              "apiId": "/providers/Microsoft.PowerApps/apis/shared_wordonlinebusiness"
            },
            "parameters": {
              "source": "me",
              "drive": "b!fczR0ImD80q8sgWXzd5daHCgzMVRTNFEmfgGJHxnfQSOWSGkk7k6S4HEgPWAIt6_",
              "file": "016IICN2XXI5FALNIDJFD3TESGEKTUD522",
              "dynamicFileSchema/1692105487": "@outputs('AP')",
              "dynamicFileSchema/-1037885861": "@body('PNG')",
              "dynamicFileSchema/-567409713": "@outputs('AP1')",
              "dynamicFileSchema/-974604043": "@outputs('AP2')"
            },
            "authentication": "@parameters('$authentication')"
          }
        },
        "ACTION": {
          "runAfter": {
            "AI": [
              "Succeeded"
            ]
          },
          "metadata": {
            "operationMetadataId": "ea34f77a-1d59-4538-ae71-ba4da083315a"
          },
          "type": "Compose",
          "inputs": "@body('AI')?['section12text']"
        },
        "AP": {
          "runAfter": {
            "ACTION": [
              "Succeeded"
            ]
          },
          "metadata": {
            "operationMetadataId": "9133b7de-e6bb-4e5f-b3a1-39820cfda0d8"
          },
          "type": "Compose",
          "inputs": "@trim(\n  first(\n    split(\n      last(\n        split(outputs('ACTION'), '===COURSES_PERFORMING_WELL===')\n      ),\n      '===COURSES_NEEDING_SUPPORT==='\n    )\n  )\n)\n"
        },
        "AP1": {
          "runAfter": {
            "AP": [
              "Succeeded"
            ]
          },
          "metadata": {
            "operationMetadataId": "78e30423-0d1b-4ce9-a585-ee83844e9ba1"
          },
          "type": "Compose",
          "inputs": "@trim(\n  first(\n    split(\n      last(\n        split(outputs('ACTION'), '===COURSES_NEEDING_SUPPORT===')\n      ),\n      '===TRENDS==='\n    )\n  )\n)\n"
        },
        "AP2": {
          "runAfter": {
            "AP1": [
              "Succeeded"
            ]
          },
          "metadata": {
            "operationMetadataId": "f3acef3d-6899-4246-b776-359a542e8d25"
          },
          "type": "Compose",
          "inputs": "@trim(\n  last(\n    split(outputs('ACTION'), '===TRENDS===')\n  )\n)\n"
        }
      }
    },
    "templateName": ""
  },
  "schemaVersion": "1.0.0.0"
}