{
  "properties": {
    "connectionReferences": {
      "shared_onedriveforbusiness": {
        "runtimeSource": "embedded",
        "connection": {
          "connectionReferenceLogicalName": "new_sharedonedriveforbusiness_1007b"
        },
        "api": {
          "name": "shared_onedriveforbusiness"
        }
      },
      "shared_excelonlinebusiness": {
        "runtimeSource": "embedded",
        "connection": {
          "connectionReferenceLogicalName": "new_sharedexcelonlinebusiness_7755f"
        },
        "api": {
          "name": "shared_excelonlinebusiness"
        }
      },
      "shared_commondataserviceforapps": {
        "runtimeSource": "embedded",
        "connection": {
          "connectionReferenceLogicalName": "new_sharedcommondataserviceforapps_08e8e"
        },
        "api": {
          "name": "shared_commondataserviceforapps"
        }
      }
    },
    "definition": {
      "$schema": "https://schema.management.azure.com/providers/Microsoft.Logic/schemas/2016-06-01/workflowdefinition.json#",
      "contentVersion": "1.0.0.0",
      "parameters": {
        "$connections": {
          "defaultValue": {},
          "type": "Object"
        },
        "$authentication": {
          "defaultValue": {},
          "type": "SecureObject"
        }
      },
      "triggers": {
        "manual": {
          "metadata": {
            "operationMetadataId": "7ad39c75-a6f0-4194-8489-9c7dd06b6618"
          },
          "type": "Request",
          "kind": "Button",
          "inputs": {
            "schema": {
              "type": "object",
              "properties": {
                "text": {
                  "title": "Department",
                  "type": "string",
                  "x-ms-dynamically-added": true,
                  "description": "Please enter your input",
                  "x-ms-content-hint": "TEXT"
                },
                "text_1": {
                  "title": "Year1",
                  "type": "string",
                  "x-ms-dynamically-added": true,
                  "description": "Please enter your input",
                  "x-ms-content-hint": "TEXT"
                },
                "number": {
                  "title": "Year",
                  "type": "number",
                  "x-ms-dynamically-added": true,
                  "description": "Please enter a number",
                  "x-ms-content-hint": "NUMBER"
                }
              },
              "required": [
                "text",
                "number"
              ]
            }
          }
        }
      },
      "actions": {
        "varDept": {
          "runAfter": {},
          "metadata": {
            "operationMetadataId": "b249cf63-f800-444a-b921-7400a50a05ce"
          },
          "type": "InitializeVariable",
          "inputs": {
            "variables": [
              {
                "name": "varDept",
                "type": "string",
                "value": "@triggerBody()['text']"
              }
            ]
          }
        },
        "varYear": {
          "runAfter": {
            "varDept": [
              "Succeeded"
            ]
          },
          "metadata": {
            "operationMetadataId": "75087483-e371-4c25-9c0f-a5e4e1899925"
          },
          "type": "InitializeVariable",
          "inputs": {
            "variables": [
              {
                "name": "varYear",
                "type": "integer",
                "value": "@triggerBody()['number']"
              }
            ]
          }
        },
        "varSection12Text": {
          "runAfter": {
            "varYear": [
              "Succeeded"
            ]
          },
          "metadata": {
            "operationMetadataId": "90a01499-e062-48bd-9d87-838d97b5521a"
          },
          "type": "InitializeVariable",
          "inputs": {
            "variables": [
              {
                "name": "varSection12Text",
                "type": "string"
              }
            ]
          }
        },
        "cmpGradebookPath": {
          "runAfter": {
            "cmpFilePath": [
              "Succeeded"
            ]
          },
          "metadata": {
            "operationMetadataId": "aa098614-1ed9-46ac-97b9-f17f8127075e"
          },
          "type": "Compose",
          "inputs": "/AEDIS/GradeBooks/de_gradebook.xlsx"
        },
        "GetGradebookMetadata": {
          "runAfter": {
            "cmpfilename": [
              "Succeeded"
            ]
          },
          "metadata": {
            "operationMetadataId": "8062fdb4-e635-4fbe-984d-004de141b09b"
          },
          "type": "OpenApiConnection",
          "inputs": {
            "host": {
              "connectionName": "shared_onedriveforbusiness",
              "operationId": "GetFileMetadataByPath",
              "apiId": "/providers/Microsoft.PowerApps/apis/shared_onedriveforbusiness"
            },
            "parameters": {
              "path": "@outputs('cmpGradebookPath')"
            },
            "authentication": {
              "type": "Raw",
              "value": "@json(decodeBase64(triggerOutputs().headers['X-MS-APIM-Tokens']))['$ConnectionKey']"
            }
          }
        },
        "cmpGradebookLM": {
          "runAfter": {
            "GetGradebookMetadata": [
              "Succeeded"
            ]
          },
          "metadata": {
            "operationMetadataId": "a2600bde-c030-4987-9603-b16462d5510c"
          },
          "type": "Compose",
          "inputs": "@formatDateTime(\n  string(\n    coalesce(\n      outputs('GetGradebookMetadata')?['body/lastModifiedDateTime'],\n      utcNow()\n    )\n  ),\n  'o'\n)\n"
        },
        "cmpfilename": {
          "runAfter": {
            "cmpGradebookPath": [
              "Succeeded"
            ]
          },
          "metadata": {
            "operationMetadataId": "adfdd04b-276f-45f9-962b-4a75d20fa908"
          },
          "type": "Compose",
          "inputs": "@concat(variables('varDept'), '_Section12_', string(variables('varYear')), '.txt')\n"
        },
        "Setvariable": {
          "runAfter": {
            "cmpAItext": [
              "Succeeded"
            ]
          },
          "metadata": {
            "operationMetadataId": "cdb44f59-10ff-4c56-9b22-3687b3a6bd90"
          },
          "type": "SetVariable",
          "inputs": {
            "name": "varSection12Text",
            "value": "@outputs('cmpAItext')\n"
          }
        },
        "LGradebook": {
          "runAfter": {
            "cmpGradebookLM": [
              "Succeeded"
            ]
          },
          "metadata": {
            "operationMetadataId": "ff121edd-9190-4e40-88e9-a8672dc6067b",
            "tableId": "CourseGradebook"
          },
          "type": "OpenApiConnection",
          "inputs": {
            "host": {
              "connectionName": "shared_excelonlinebusiness",
              "operationId": "GetItems",
              "apiId": "/providers/Microsoft.PowerApps/apis/shared_excelonlinebusiness"
            },
            "parameters": {
              "source": "me",
              "drive": "b!fczR0ImD80q8sgWXzd5daHCgzMVRTNFEmfgGJHxnfQSOWSGkk7k6S4HEgPWAIt6_",
              "file": "@outputs('cmpGradebookPath')",
              "table": "CourseGradebook"
            },
            "authentication": {
              "type": "Raw",
              "value": "@json(decodeBase64(triggerOutputs().headers['X-MS-APIM-Tokens']))['$ConnectionKey']"
            }
          }
        },
        "FAGradebook": {
          "runAfter": {
            "LGradebook": [
              "Succeeded"
            ]
          },
          "metadata": {
            "operationMetadataId": "d9b209ea-2227-47aa-a8ad-c0325acdb0ce"
          },
          "type": "Query",
          "inputs": {
            "from": "@coalesce(body('LGradebook')?['value'], createArray())",
            "where": "@and(\n  equals(\n    toLower(trim(coalesce(item()?['Department'], ''))),\n    toLower(trim(coalesce(variables('varDept'), '')))\n  ),\n  equals(\n    string(coalesce(item()?['Year'], '')),\n    string(coalesce(variables('varYear'), ''))\n  )\n)\n"
          }
        },
        "SGradebook": {
          "runAfter": {
            "FAGradebook": [
              "Succeeded"
            ]
          },
          "metadata": {
            "operationMetadataId": "018affbf-82bf-4cba-9fa6-4c4e6b1dd993"
          },
          "type": "Select",
          "inputs": {
            "from": "@coalesce(body('FAGradebook'), body('LGradebook')?['value'], createArray())",
            "select": {
              "coursename": "@item()?['coursename']",
              "q1": "@item()?['q1']",
              "q2": "@item()?['q2']",
              "q3": "@item()?['q3']",
              "q4": "@item()?['q4']",
              "q5": "@item()?['q5']",
              "q6": "@item()?['q6']",
              "a1": "@item()?['a1']",
              "a2": "@item()?['a2']",
              "a3": "@item()?['a3']",
              "a4": "@item()?['a4']",
              "a5": "@item()?['a5']",
              "a6": "@item()?['a6']",
              "mt1": "@item()?['mt1']",
              "mt2": "@item()?['mt2']",
              "final": "@item()?['final']"
            }
          }
        },
        "LSLO": {
          "runAfter": {
            "SGradebook": [
              "Succeeded"
            ]
          },
          "metadata": {
            "operationMetadataId": "e9864380-611d-4f02-bbcb-2964023b9f19",
            "tableId": "CourseSLO"
          },
          "type": "OpenApiConnection",
          "inputs": {
            "host": {
              "connectionName": "shared_excelonlinebusiness",
              "operationId": "GetItems",
              "apiId": "/providers/Microsoft.PowerApps/apis/shared_excelonlinebusiness"
            },
            "parameters": {
              "source": "me",
              "drive": "b!fczR0ImD80q8sgWXzd5daHCgzMVRTNFEmfgGJHxnfQSOWSGkk7k6S4HEgPWAIt6_",
              "file": "@outputs('cmpGradebookPath')",
              "table": "CourseSLO"
            },
            "authentication": {
              "type": "Raw",
              "value": "@json(decodeBase64(triggerOutputs().headers['X-MS-APIM-Tokens']))['$ConnectionKey']"
            }
          }
        },
        "FASLO": {
          "runAfter": {
            "LSLO": [
              "Succeeded"
            ]
          },
          "metadata": {
            "operationMetadataId": "9f2439d6-8a6e-4b1c-a22c-f9dff4643fbd"
          },
          "type": "Query",
          "inputs": {
            "from": "@coalesce(body('LSLO')?['value'], createArray())\n",
            "where": "@and(\n  equals(\n    toLower(coalesce(item()?['Department'], '')),\n    toLower(coalesce(variables('varDept'), ''))\n  ),\n  equals(\n    string(coalesce(item()?['Year'], '')),\n    string(coalesce(variables('varYear'), ''))\n  )\n)"
          }
        },
        "SSLO": {
          "runAfter": {
            "FASLO": [
              "Succeeded"
            ]
          },
          "metadata": {
            "operationMetadataId": "c293ed86-f8e2-4cde-bc23-20207d39fd19"
          },
          "type": "Select",
          "inputs": {
            "from": "@coalesce(body('FASLO'), body('LSLO')?['value'], createArray())",
            "select": {
              "coursename": "@item()?['coursename']",
              "students_count": "@item()?['students_count']",
              "slo1_avg": "@item()?['slo1_avg']",
              "slo2_avg": "@item()?['slo2_avg']",
              "slo3_avg": "@item()?['slo3_avg']",
              "slo4_avg": "@item()?['slo4_avg']"
            }
          }
        },
        "cmpFilePath": {
          "runAfter": {
            "cmpfilenamee": [
              "Succeeded"
            ]
          },
          "metadata": {
            "operationMetadataId": "4e7339c7-b085-4b30-83f3-33add8c817b5"
          },
          "type": "Compose",
          "inputs": "@concat(\n  '/AEDIS/REPORTS/',\n  string(variables('varYear')), '/',\n  variables('varDept'),\n  '_Section12_',\n  string(variables('varYear')),\n  '.txt'\n)\n"
        },
        "cmpPromptJSON": {
          "runAfter": {
            "SSLO": [
              "Succeeded"
            ]
          },
          "metadata": {
            "operationMetadataId": "2adb9723-70b0-4da5-a80b-181be2d3351b"
          },
          "type": "Compose",
          "inputs": "@{json(concat(\n  '{\"department\":\"', variables('varDept'),\n  '\",\"year\":\"', string(variables('varYear')),\n  '\",\"gradebook\":', string(body('SGradebook')),\n  ',\"slo\":', string(body('SSLO')),\n  '}'\n))\n}\n"
        },
        "cmpPromptText": {
          "runAfter": {
            "cmpPromptJSON": [
              "Succeeded"
            ]
          },
          "metadata": {
            "operationMetadataId": "db668614-87c3-4f9c-ad7f-7dd52cddd780"
          },
          "type": "Compose",
          "inputs": "@concat(\n'You are an accreditation report writer preparing Section 12 for an academic assessment report. Write a clear, professional, and academically appropriate analysis in third-person and past tense, aligned with SACSCOC-style institutional effectiveness reporting.\\n\\nYour tone must be:\\n- Objective and evidence-based\\n- Formal and concise\\n- Focused on findings and continuous improvement\\n- Free of conversational or emotional language\\n\\nReturn ONLY the body content for each of the following, WITHOUT headings or section numbers:\\n\\n1) Courses Performing Well – a short paragraph plus bullet points.\\n2) Courses Needing Support (with targeted actions) – a short paragraph plus bullet points.\\n3) Trends – a short paragraph plus bullet points.\\n\\nDo NOT output any headings like \"12.1\", \"12.2\", \"12.3\", or section titles.\\nInstead, separate the three sections with these exact delimiter lines:\\n\\n===COURSES_PERFORMING_WELL===\\n[body text only for Courses Performing Well]\\n\\n===COURSES_NEEDING_SUPPORT===\\n[body text only for Courses Needing Support (with targeted actions)]\\n\\n===TRENDS===\\n[body text only for Trends]\\n\\nFormatting rules:\\n- Use bullet points where appropriate.\\n- Preserve line breaks.\\n- Do not include numeric SLO values. Refer to SLO performance qualitatively (e.g., \"strengthened\", \"requires reinforcement\").\\n- Use course names exactly as they appear in CONTEXT JSON.\\n- If a section has no meaningful content, still include the delimiter and write: \"No items identified.\"\\n\\nCONTEXT JSON:\\n',\nstring(outputs('cmpPromptJSON'))\n)\n"
        },
        "Runaprompt": {
          "runAfter": {
            "cmpPreviewPrompt": [
              "Succeeded"
            ]
          },
          "metadata": {
            "operationMetadataId": "a62bbe31-b765-4336-b61d-d901ee81e0cf",
            "flowSystemMetadata": {
              "portalOperationApiDisplayNameOverride": "AI Builder",
              "portalOperationIconOverride": "https://content.powerapps.com/resource/makerx/static/pauto/images/designeroperations/aiBuilderNew.51dbdb6b.png",
              "portalOperationBrandColorOverride": "#0A76C4",
              "portalOperationApiTierOverride": "Standard"
            }
          },
          "type": "OpenApiConnection",
          "inputs": {
            "host": {
              "connectionName": "shared_commondataserviceforapps",
              "operationId": "aibuilderpredict_customprompt",
              "apiId": "providers/Microsoft.ProcessSimple/operationGroups/aibuilder"
            },
            "parameters": {
              "recordId": "b041a0b3-10b6-4e33-8872-8e632c006c9a",
              "item/requestv2/Prompt_20text": "@outputs('cmpPromptText')\n"
            },
            "authentication": {
              "type": "Raw",
              "value": "@json(decodeBase64(triggerOutputs().headers['X-MS-APIM-Tokens']))['$ConnectionKey']"
            }
          }
        },
        "cmpAItext": {
          "runAfter": {
            "Runaprompt": [
              "Succeeded"
            ]
          },
          "metadata": {
            "operationMetadataId": "558c39e1-ad86-4f4c-822f-3de8dc16e7cb"
          },
          "type": "Compose",
          "inputs": "@outputs('Runaprompt')?['body/responsev2/predictionOutput/text']"
        },
        "cmpfilenamee": {
          "runAfter": {
            "varSection12Text": [
              "Succeeded"
            ]
          },
          "metadata": {
            "operationMetadataId": "05f1713a-f0be-407d-80c1-bd632f2337b6"
          },
          "type": "Compose",
          "inputs": "@concat(variables('varDept'), '_Section12_', string(variables('varYear')), '.txt')\n"
        },
        "cmpPreviewPrompt": {
          "runAfter": {
            "cmpPromptText": [
              "Succeeded"
            ]
          },
          "metadata": {
            "operationMetadataId": "a05c00b0-ea73-4079-b04a-6f3a708a18ad"
          },
          "type": "Compose",
          "inputs": "@outputs('cmpPromptText')"
        },
        "Respond_to_a_Power_App_or_flow": {
          "runAfter": {
            "Create_file": [
              "Succeeded"
            ]
          },
          "metadata": {
            "operationMetadataId": "a24da0e4-7c0b-4223-b1d4-600135fa7402"
          },
          "type": "Response",
          "kind": "PowerApp",
          "inputs": {
            "statusCode": 200,
            "body": {
              "section12text": "@{variables('varSection12Text')}"
            },
            "schema": {
              "type": "object",
              "properties": {
                "section12text": {
                  "title": "Section12Text",
                  "x-ms-dynamically-added": true,
                  "type": "string"
                }
              }
            }
          }
        },
        "Create_file": {
          "runAfter": {
            "Setvariable": [
              "Succeeded"
            ]
          },
          "metadata": {
            "operationMetadataId": "3d1f0a91-96f9-42d0-bc52-45500eee32a5"
          },
          "type": "OpenApiConnection",
          "inputs": {
            "host": {
              "connectionName": "shared_onedriveforbusiness",
              "operationId": "CreateFile",
              "apiId": "/providers/Microsoft.PowerApps/apis/shared_onedriveforbusiness"
            },
            "parameters": {
              "folderPath": "@concat('/AEDIS/REPORTS/', string(variables('varYear')), '/')",
              "name": "@outputs('cmpfilename')\n",
              "body": "@variables('varSection12Text')\n"
            },
            "authentication": {
              "type": "Raw",
              "value": "@json(decodeBase64(triggerOutputs().headers['X-MS-APIM-Tokens']))['$ConnectionKey']"
            }
          },
          "runtimeConfiguration": {
            "contentTransfer": {
              "transferMode": "Chunked"
            }
          }
        }
      }
    },
    "templateName": ""
  },
  "schemaVersion": "1.0.0.0"
}