{
  "properties": {
    "connectionReferences": {
      "shared_powerbi": {
        "runtimeSource": "embedded",
        "connection": {
          "connectionReferenceLogicalName": "aed_sharedpowerbi_398f9"
        },
        "api": {
          "name": "shared_powerbi"
        }
      },
      "shared_onedriveforbusiness": {
        "runtimeSource": "embedded",
        "connection": {
          "connectionReferenceLogicalName": "new_sharedonedriveforbusiness_1007b"
        },
        "api": {
          "name": "shared_onedriveforbusiness"
        }
      }
    },
    "definition": {
      "$schema": "https://schema.management.azure.com/providers/Microsoft.Logic/schemas/2016-06-01/workflowdefinition.json#",
      "contentVersion": "1.0.0.0",
      "parameters": {
        "$connections": {
          "defaultValue": {},
          "type": "Object"
        },
        "$authentication": {
          "defaultValue": {},
          "type": "SecureObject"
        }
      },
      "triggers": {
        "manual": {
          "metadata": {
            "operationMetadataId": "bd40b1b4-5b2d-4ee7-98f7-6963714838f1"
          },
          "type": "Request",
          "kind": "Button",
          "inputs": {
            "schema": {
              "type": "object",
              "properties": {
                "text": {
                  "title": "Department",
                  "type": "string",
                  "x-ms-dynamically-added": true,
                  "description": "de",
                  "x-ms-content-hint": "TEXT"
                },
                "number": {
                  "title": "year",
                  "type": "number",
                  "x-ms-dynamically-added": true,
                  "description": "2024",
                  "x-ms-content-hint": "NUMBER"
                }
              },
              "required": [
                "text",
                "number"
              ]
            }
          }
        }
      },
      "actions": {
        "varDept": {
          "runAfter": {},
          "metadata": {
            "operationMetadataId": "cc0f9504-82ea-41db-8903-5f8ea5f37b45"
          },
          "type": "InitializeVariable",
          "inputs": {
            "variables": [
              {
                "name": "varDept",
                "type": "string",
                "value": "@triggerBody()['text']"
              }
            ]
          }
        },
        "varYear": {
          "runAfter": {
            "varDept": [
              "Succeeded"
            ]
          },
          "metadata": {
            "operationMetadataId": "c49ea8ea-1ffe-4ce1-8daa-3d1c3dae76aa"
          },
          "type": "InitializeVariable",
          "inputs": {
            "variables": [
              {
                "name": "varYear",
                "type": "integer",
                "value": "@triggerBody()['number']"
              }
            ]
          }
        },
        "Refresh_a_dataset": {
          "runAfter": {
            "varYear": [
              "Succeeded"
            ]
          },
          "metadata": {
            "operationMetadataId": "c2a828dd-93bb-4cc4-a6c3-4a91a62a2bf2"
          },
          "type": "OpenApiConnection",
          "inputs": {
            "host": {
              "connectionName": "shared_powerbi",
              "operationId": "RefreshDataset",
              "apiId": "/providers/Microsoft.PowerApps/apis/shared_powerbi"
            },
            "parameters": {
              "groupid": "myworkspace",
              "datasetid": "f990678b-5589-4149-9b57-702274b29296"
            },
            "authentication": {
              "type": "Raw",
              "value": "@json(decodeBase64(triggerOutputs().headers['X-MS-APIM-Tokens']))['$ConnectionKey']"
            }
          }
        },
        "Delay": {
          "runAfter": {
            "Refresh_a_dataset": [
              "Succeeded"
            ]
          },
          "metadata": {
            "operationMetadataId": "2a5535ce-7700-4d61-9778-fe6b9f3eb27c"
          },
          "type": "Wait",
          "inputs": {
            "interval": {
              "count": 30,
              "unit": "Second"
            }
          }
        },
        "Respond_to_a_Power_App_or_flow": {
          "runAfter": {
            "filepath": [
              "Succeeded"
            ]
          },
          "metadata": {
            "operationMetadataId": "c400d19c-78d7-48db-9bf9-072b03bd3f3b"
          },
          "type": "Response",
          "kind": "PowerApp",
          "inputs": {
            "statusCode": 200,
            "body": {
              "reportpng": "@{body('Export_To_File_for_Power_BI_Reports_2')}",
              "filepath": "@{outputs('filepath')}"
            },
            "schema": {
              "type": "object",
              "properties": {
                "reportpng": {
                  "title": "reportPng",
                  "x-ms-dynamically-added": true,
                  "type": "string",
                  "format": "byte"
                },
                "filepath": {
                  "title": "filepath",
                  "x-ms-dynamically-added": true,
                  "type": "string"
                }
              }
            }
          }
        },
        "Export_To_File_for_Power_BI_Reports_2": {
          "runAfter": {
            "Delay": [
              "Succeeded"
            ]
          },
          "metadata": {
            "operationMetadataId": "48ef482c-cd64-443f-b1d3-ff681dfdf333"
          },
          "type": "OpenApiConnection",
          "inputs": {
            "host": {
              "connectionName": "shared_powerbi",
              "operationId": "InitiateExportToFileForPbiReports",
              "apiId": "/providers/Microsoft.PowerApps/apis/shared_powerbi"
            },
            "parameters": {
              "groupid": "myworkspace",
              "reportid": "c168f73c-9b80-4b2e-bf8c-82f2d1405502",
              "ExportPayloadPowerBIReport/format": "PNG"
            },
            "authentication": {
              "type": "Raw",
              "value": "@json(decodeBase64(triggerOutputs().headers['X-MS-APIM-Tokens']))['$ConnectionKey']"
            }
          }
        },
        "Initialize_variable": {
          "runAfter": {
            "Export_To_File_for_Power_BI_Reports_2": [
              "Succeeded"
            ]
          },
          "metadata": {
            "operationMetadataId": "979b73d2-1065-4548-8792-84d8b2b86640"
          },
          "type": "InitializeVariable",
          "inputs": {
            "variables": [
              {
                "name": "varFileName",
                "type": "string",
                "value": "Report_@{variables('varDept')}_@{variables('varYear')}.png\n"
              }
            ]
          }
        },
        "Create_file": {
          "runAfter": {
            "Initialize_variable": [
              "Succeeded"
            ]
          },
          "metadata": {
            "operationMetadataId": "8bc46535-2344-4bb5-972a-e372774f6a59"
          },
          "type": "OpenApiConnection",
          "inputs": {
            "host": {
              "connectionName": "shared_onedriveforbusiness",
              "operationId": "CreateFile",
              "apiId": "/providers/Microsoft.PowerApps/apis/shared_onedriveforbusiness"
            },
            "parameters": {
              "folderPath": "@concat('/AEDIS/REPORTS/', string(variables('varYear')))\n",
              "name": "@variables('varFileName')",
              "body": "@body('Export_To_File_for_Power_BI_Reports_2')"
            },
            "authentication": {
              "type": "Raw",
              "value": "@json(decodeBase64(triggerOutputs().headers['X-MS-APIM-Tokens']))['$ConnectionKey']"
            }
          },
          "runtimeConfiguration": {
            "contentTransfer": {
              "transferMode": "Chunked"
            }
          }
        },
        "filepath": {
          "runAfter": {
            "Create_file": [
              "Succeeded"
            ]
          },
          "metadata": {
            "operationMetadataId": "387b890f-49b3-43d8-9c5c-7fe545e98510"
          },
          "type": "Compose",
          "inputs": "@concat(\n  '/AEDIS/REPORTS/',\n  string(variables('varYear')),\n  '/',\n  variables('varFileName')\n)\n"
        }
      }
    },
    "templateName": ""
  },
  "schemaVersion": "1.0.0.0"
}